{
    "center": [
        -0.07365610131941594,
        -0.0019505747182888562,
        0.1101507752258852
    ],
    "extents": [
        2.127330825233469,
        1.4090678145602296,
        2.1897822327930876
    ],
    "scale": 0.1,
    "contact_trans_list": [
        [
            1.0,
            0.0,
            0.0,
            0.0
        ],
        [
            0.0,
            1.0,
            0.0,
            0.1
        ],
        [
            0.0,
            0.0,
            1.0,
            -0.85
        ],
        [
            0.0,
            0.0,
            0.0,
            1.0
        ]
    ],
    "target_trans_list": [
        [
            1.0,
            0.0,
            0.0,
            0.0
        ],
        [
            0.0,
            1.0,
            0.0,
            0.1
        ],
        [
            0.0,
            0.0,
            1.0,
            -0.85
        ],
        [
            0.0,
            0.0,
            0.0,
            1.0
        ]
    ]
}