{
    "center": [
        4.500150680541988e-05,
        0.030576036325699,
        0.0007428648638119247
    ],
    "extents": [
        1.896880030632019,
        0.963010736982972,
        0.4747685812316646
    ],
    "grasp_pose1": [
        [
            0.0007963267107332633,
            -0.9999993658637698,
            0.0007963264582434141,
            -0.63
        ],
        [
            0.0,
            0.0007963267107332633,
            0.9999996829318346,
            0.34
        ],
        [
            -0.9999996829318346,
            -0.0007963264582434141,
            6.341362302272584e-07,
            0.0
        ],
        [
            0.0,
            0.0,
            0.0,
            1.0
        ]
    ],
    "grasp_pose2": [
        [
            0.0007963267107332633,
            -0.9999993658637698,
            0.0007963264582434141,
            -0.36
        ],
        [
            0.0,
            0.0007963267107332633,
            0.9999996829318346,
            0.34
        ],
        [
            -0.9999996829318346,
            -0.0007963264582434141,
            6.341362302272584e-07,
            0.0
        ],
        [
            0.0,
            0.0,
            0.0,
            1.0
        ]
    ],
    "grasp_pose3": [
        [
            0.0007963267107332633,
            -0.9999993658637698,
            0.0007963264582434141,
            -0.115
        ],
        [
            0.0,
            0.0007963267107332633,
            0.9999996829318346,
            0.34
        ],
        [
            -0.9999996829318346,
            -0.0007963264582434141,
            6.341362302272584e-07,
            0.0
        ],
        [
            0.0,
            0.0,
            0.0,
            1.0
        ]
    ],
    "grasp_pose4": [
        [
            0.0007963267107332633,
            -0.9999993658637698,
            0.0007963264582434141,
            0.12499999999999999
        ],
        [
            0.0,
            0.0007963267107332633,
            0.9999996829318346,
            0.34
        ],
        [
            -0.9999996829318346,
            -0.0007963264582434141,
            6.341362302272584e-07,
            0.0
        ],
        [
            0.0,
            0.0,
            0.0,
            1.0
        ]
    ],
    "grasp_pose5": [
        [
            0.0007963267107332633,
            -0.9999993658637698,
            0.0007963264582434141,
            0.365
        ],
        [
            0.0,
            0.0007963267107332633,
            0.9999996829318346,
            0.34
        ],
        [
            -0.9999996829318346,
            -0.0007963264582434141,
            6.341362302272584e-07,
            0.0
        ],
        [
            0.0,
            0.0,
            0.0,
            1.0
        ]
    ],
    "grasp_pose6": [
        [
            0.0007963267107332633,
            -0.9999993658637698,
            0.0007963264582434141,
            0.615
        ],
        [
            0.0,
            0.0007963267107332633,
            0.9999996829318346,
            0.34
        ],
        [
            -0.9999996829318346,
            -0.0007963264582434141,
            6.341362302272584e-07,
            0.0
        ],
        [
            0.0,
            0.0,
            0.0,
            1.0
        ]
    ],
    "scale": 0.12
}