{
    "center": [
        0.00043785035649992733,
        -0.0005717222422868398,
        -0.0009335086045957108
    ],
    "extents": [
        0.3795670589528187,
        1.8948235349727531,
        0.381034725397025
    ],
    "scale": 0.1,
    "contact_trans_list": [
        [
            1.0,
            0.0,
            0.0,
            0.0
        ],
        [
            0.0,
            1.0,
            0.0,
            -0.5
        ],
        [
            0.0,
            0.0,
            1.0,
            0.0
        ],
        [
            0.0,
            0.0,
            0.0,
            1.0
        ]
    ],
    "target_trans_list": [
        [
            1.0,
            0.0,
            0.0,
            0.0
        ],
        [
            0.0,
            1.0,
            0.0,
            -0.5
        ],
        [
            0.0,
            0.0,
            1.0,
            0.0
        ],
        [
            0.0,
            0.0,
            0.0,
            1.0
        ]
    ]
}