{
    "center": [
        -0.005318122171988465,
        0.0015044679668658847,
        -0.022289468242702035
    ],
    "extents": [
        0.2131675289114259,
        1.4674641154281873,
        0.16994323300014927
    ],
    "scale": 0.1,
    "contact_trans_list": [
        [
            1.0,
            0.0,
            0.0,
            0.0
        ],
        [
            0.0,
            1.0,
            0.0,
            -0.55
        ],
        [
            0.0,
            0.0,
            1.0,
            0.0
        ],
        [
            0.0,
            0.0,
            0.0,
            1.0
        ]
    ],
    "target_trans_list": [
        [
            1.0,
            0.0,
            0.0,
            0.0
        ],
        [
            0.0,
            1.0,
            0.0,
            -0.55
        ],
        [
            0.0,
            0.0,
            1.0,
            0.0
        ],
        [
            0.0,
            0.0,
            0.0,
            1.0
        ]
    ]
}