{
    "center": [
        0.0011710817583959112,
        0.01715021758981067,
        -0.09753336320219794
    ],
    "extents": [
        0.4556454092583447,
        2.0973258871001175,
        1.660888699728495
    ],
    "target_pose": [
        [
            6.341362302272584e-07,
            0.9999996829318346,
            -0.0007963264582434141,
            0.0
        ],
        [
            -0.0007963264582434141,
            0.0007963267107332633,
            0.9999993658637698,
            0.7
        ],
        [
            0.9999996829318346,
            0.0,
            0.0007963267107332633,
            0.7
        ],
        [
            0.0,
            0.0,
            0.0,
            1.0
        ]
    ],
    "scale": [
        0.063,
        0.079,
        0.079
    ],
    "contact_trans_list": [
        [
            1.0,
            0.0,
            0.0,
            0.0
        ],
        [
            0.0,
            1.0,
            0.0,
            -0.4
        ],
        [
            0.0,
            0.0,
            1.0,
            -0.1
        ],
        [
            0.0,
            0.0,
            0.0,
            1.0
        ]
    ],
    "target_trans_list": [
        [
            1.0,
            0.0,
            0.0,
            0.0
        ],
        [
            0.0,
            1.0,
            0.0,
            -0.4
        ],
        [
            0.0,
            0.0,
            1.0,
            -0.1
        ],
        [
            0.0,
            0.0,
            0.0,
            1.0
        ]
    ]
}