{
    "center": [
        0.00957214774364378,
        -0.001549377820993189,
        0.0005237866716263459
    ],
    "extents": [
        0.5625506790236644,
        1.9070786785097391,
        1.5731596026648205
    ],
    "scale": 0.1,
    "contact_pose": [
        0,
        0,
        -0.25
    ],
    "target_pose": [
        0,
        0.815,
        0.75
    ],
    "trans_matrix": [
        [
            0.0007963267107332633,
            -0.0007963264582434141,
            -0.9999993658637698,
            0.0
        ],
        [
            0.9999996829318346,
            6.341362302272584e-07,
            0.0007963264582434141,
            0.0
        ],
        [
            -0.0,
            -0.9999996829318346,
            0.0007963267107332633,
            -0.25
        ],
        [
            0.0,
            0.0,
            0.0,
            1.0
        ]
    ]
}