{
    "center": [
        0.0016589998775929187,
        -0.0021508695965769555,
        0.007129897605080122
    ],
    "extents": [
        0.07667453163127097,
        1.4787738744991925,
        0.39121158341819734
    ],
    "scale": 0.1,
    "contact_trans_list": [
        [
            1.0,
            0.0,
            0.0,
            0.0
        ],
        [
            0.0,
            1.0,
            0.0,
            -0.4
        ],
        [
            0.0,
            0.0,
            1.0,
            -0.1
        ],
        [
            0.0,
            0.0,
            0.0,
            1.0
        ]
    ],
    "target_trans_list": [
        [
            1.0,
            0.0,
            0.0,
            0.0
        ],
        [
            0.0,
            1.0,
            0.0,
            -0.4
        ],
        [
            0.0,
            0.0,
            1.0,
            -0.1
        ],
        [
            0.0,
            0.0,
            0.0,
            1.0
        ]
    ]
}