{"min": [-0.428321, -0.803259, -0.43335], "max": [0.426016, 0.811236, 0.465483]}